<?xml version="1.0" encoding="UTF-8"?>
<metadata xml:lang="en"><Esri><CreaDate>20200618</CreaDate><CreaTime>11500700</CreaTime><ArcGISFormat>1.0</ArcGISFormat><SyncOnce>TRUE</SyncOnce><DataProperties><lineage><Process ToolSource="c:\program files (x86)\arcgis\desktop10.5\ArcToolbox\Toolboxes\Data Management Tools.tbx\DeleteField" Date="20200501" Time="140506">DeleteField Faults\NZ_CFM_v1_010520 Source1;Source2</Process></lineage><itemProps><itemLocation><linkage Sync="TRUE">file://\\corp.gns.cri.nz\gnsfiles\_Nat_Hzds_Risks\SSIF\Hzds_Risk_Mgmt\1_1_EQ\CFM\GIS\NZ_CFM_v1_200520Copy</linkage><protocol Sync="TRUE">Local Area Network</protocol></itemLocation></itemProps><copyHistory><copy source="J:\_Nat_Hzds_Risks\SSIF\Hzds_Risk_Mgmt\1_1_EQ\CFM\GIS\NZ_CFM_v1_200520" dest="\\corp.gns.cri.nz\gnsfiles\_Nat_Hzds_Risks\SSIF\Hzds_Risk_Mgmt\1_1_EQ\CFM\GIS\NZ_CFM_v1_200520Copy" date="20200617" time="15303500"></copy></copyHistory></DataProperties></Esri></metadata>
